<?xml version="1.0" encoding="UTF-8"?>
<configuration  scan="true" scanPeriod="60 seconds" debug="false">
    <contextName>train_demo</contextName>
    <springProperty scope="context" name="app.name" source="spring.application.name"
                    defaultValue="demo_microservice"/>
    <property name="log.path" value="logs/busi" />
    <property name="console.pattern"
              value="%d{YYYY-MM-dd HH:mm:ss} %property{app.name} [%thread] %-5level %logger{36}[%L] [TxId : %X{PtxId} , SpanId : %X{PspanId}]- %msg%n" />
    <property name="file.pattern"
              value="%d{YYYY-MM-dd HH:mm:ss} %property{app.name} [%thread] %-5level %logger{36}[%L] [TxId : %X{PtxId} , SpanId : %X{PspanId}]- %msg%n" />

    <!--输出到控制台-->
    <appender name="console" class="ch.qos.logback.core.ConsoleAppender">
        <encoder>
            <pattern>${console.pattern}</pattern>
            <charset>utf8</charset>
        </encoder>
    </appender>

    <!--输出到文件  info-->
    <appender name="file" class="ch.qos.logback.core.rolling.RollingFileAppender">
        <file>${log.path}/${app.name}-info.log</file>
        <rollingPolicy class="ch.qos.logback.core.rolling.FixedWindowRollingPolicy">
            <fileNamePattern>${log.path}/${app.name}-info.log.%i</fileNamePattern>
            <minIndex>1</minIndex>
            <maxIndex>10</maxIndex>
        </rollingPolicy>
        <triggeringPolicy class="ch.qos.logback.core.rolling.SizeBasedTriggeringPolicy">
            <maxFileSize>100MB</maxFileSize>
        </triggeringPolicy>
        <layout>
            <pattern>${file.pattern}</pattern>
        </layout>
    </appender>
    <!-- 输出到文件 error -->
    <appender name="file-error" class="ch.qos.logback.core.rolling.RollingFileAppender">
        <filter class="ch.qos.logback.classic.filter.ThresholdFilter">
            <level>WARN</level>
        </filter>
        <file>${log.path}/${app.name}-error.log</file>
        <rollingPolicy class="ch.qos.logback.core.rolling.FixedWindowRollingPolicy">
            <fileNamePattern>${log.path}/${app.name}-error.log.%i</fileNamePattern>
            <minIndex>1</minIndex>
            <maxIndex>10</maxIndex>
        </rollingPolicy>
        <triggeringPolicy class="ch.qos.logback.core.rolling.SizeBasedTriggeringPolicy">
            <maxFileSize>100MB</maxFileSize>
        </triggeringPolicy>
        <layout>
            <pattern>${file.pattern}</pattern>
        </layout>
    </appender>


    <!--本地调试环境

        日志级别：info

        输出：info.log  error.log console(控制台)

    -->

    <springProfile name="local">
        <root level= "info" >
            <appender-ref ref="file-error" />
            <appender-ref ref="file"/>
            <appender-ref ref="console"/>
        </root>
    </springProfile>


    <!-- 开发环境/测试环境 (是指微服务平台的开发、测试环境)

        日志级别：info

        输出：info.log  error.log
     -->
    <springProfile name="dev,test" >
        <root level= "info" >
            <appender-ref ref="file-error" />
            <appender-ref ref="file"/>
        </root>
    </springProfile>

    <!-- 生产环境

        日志级别：error

        输出：info.log error.log

        如果需要打印某个包下的其它级别日志可以配置，如：
            <logger name="com.cbss" level="info" >
    -->
    <springProfile name="prod">

        <root level= "error" >
            <appender-ref ref="file-error" />
            <appender-ref ref="file"/>
        </root>
        <logger name="com.cucc.microservice" level="info" >
        </logger>
    </springProfile>


</configuration>
